{"cameraMode":{"drawMode":0,"name":"Shaded","section":"Shading Mode"},"sceneLighting":false,"audioPlay":false,"sceneViewState":{"showFog":true,"showMaterialUpdate":false,"showSkybox":false,"showFlares":true,"showImageEffects":true,"showParticleSystems":true},"in2DMode":false,"pivot":{"x":5.304556846618652,"y":1.1023387908935547,"z":5.398274898529053},"rotation":{"x":-0.17653748393058778,"y":0.6022934913635254,"z":-0.13880060613155366,"w":-0.7660391330718994},"size":15.524646759033204,"orthographic":false}