{"cameraMode":{"drawMode":0,"name":"Shaded","section":"Shading Mode"},"sceneLighting":true,"audioPlay":false,"sceneViewState":{"showFog":true,"showMaterialUpdate":false,"showSkybox":false,"showFlares":true,"showImageEffects":true,"showParticleSystems":true},"in2DMode":false,"pivot":{"x":231.2708740234375,"y":19.677749633789064,"z":24.977375030517579},"rotation":{"x":-0.23705972731113435,"y":-0.7509424686431885,"z":0.35169458389282229,"w":-0.5061671137809753},"size":60.62177276611328,"orthographic":false}