{"cameraMode":{"drawMode":0,"name":"Shaded","section":"Shading Mode"},"sceneLighting":false,"audioPlay":false,"sceneViewState":{"showFog":true,"showMaterialUpdate":false,"showSkybox":false,"showFlares":true,"showImageEffects":true,"showParticleSystems":true},"in2DMode":false,"pivot":{"x":151.99998474121095,"y":-14.929866790771485,"z":-282.03839111328127},"rotation":{"x":-0.3309420943260193,"y":-0.4399290084838867,"z":0.17852438986301423,"w":-0.8155218362808228},"size":34.534027099609378,"orthographic":false}