{"cameraMode":{"drawMode":0,"name":"Shaded","section":"Shading Mode"},"sceneLighting":true,"audioPlay":false,"sceneViewState":{"showFog":true,"showMaterialUpdate":false,"showSkybox":true,"showFlares":true,"showImageEffects":true,"showParticleSystems":true},"in2DMode":false,"pivot":{"x":70.31999969482422,"y":7.428999900817871,"z":37.87999725341797},"rotation":{"x":0.36739155650138857,"y":-0.18450438976287843,"z":0.07465192675590515,"w":0.9085526466369629},"size":2.1354153156280519,"orthographic":false}