{"cameraMode":{"drawMode":0,"name":"Shaded","section":"Shading Mode"},"sceneLighting":false,"audioPlay":false,"sceneViewState":{"showFog":true,"showMaterialUpdate":false,"showSkybox":false,"showFlares":true,"showImageEffects":true,"showParticleSystems":true},"in2DMode":false,"pivot":{"x":21.257001876831056,"y":4.200000762939453,"z":69.98292541503906},"rotation":{"x":0.00664652232080698,"y":-0.9935891628265381,"z":0.07645277678966522,"w":0.083778515458107},"size":2.036755323410034,"orthographic":false}