{"cameraMode":{"drawMode":0,"name":"Shaded","section":"Shading Mode"},"sceneLighting":false,"audioPlay":false,"sceneViewState":{"showFog":true,"showMaterialUpdate":false,"showSkybox":false,"showFlares":true,"showImageEffects":true,"showParticleSystems":true},"in2DMode":false,"pivot":{"x":21.256999969482423,"y":4.699999809265137,"z":69.91999816894531},"rotation":{"x":-0.08798552304506302,"y":-0.852599024772644,"z":0.15288510918617249,"w":-0.49202436208724978},"size":1.9549839496612549,"orthographic":false}