{"cameraMode":{"drawMode":0,"name":"Shaded","section":"Shading Mode"},"sceneLighting":false,"audioPlay":false,"sceneViewState":{"showFog":true,"showMaterialUpdate":false,"showSkybox":false,"showFlares":true,"showImageEffects":true,"showParticleSystems":true},"in2DMode":false,"pivot":{"x":20.020002365112306,"y":3.8300018310546877,"z":68.14437103271485},"rotation":{"x":0.002166579244658351,"y":0.985058605670929,"z":-0.17194435000419618,"w":0.013220795430243016},"size":2.06526517868042,"orthographic":false}