{"cameraMode":{"drawMode":0,"name":"Shaded","section":"Shading Mode"},"sceneLighting":false,"audioPlay":false,"sceneViewState":{"showFog":true,"showMaterialUpdate":false,"showSkybox":false,"showFlares":true,"showImageEffects":true,"showParticleSystems":true},"in2DMode":false,"pivot":{"x":-39.99924087524414,"y":-14.92990493774414,"z":-0.00005340576171875},"rotation":{"x":-0.1302381008863449,"y":-0.8696614503860474,"z":0.34383052587509158,"w":-0.3294239342212677},"size":64.984130859375,"orthographic":false}