{"cameraMode":{"drawMode":0,"name":"Shaded","section":"Shading Mode"},"sceneLighting":false,"audioPlay":false,"sceneViewState":{"showFog":true,"showMaterialUpdate":false,"showSkybox":false,"showFlares":true,"showImageEffects":true,"showParticleSystems":true},"in2DMode":false,"pivot":{"x":220.24888610839845,"y":376.4927673339844,"z":5416.0927734375},"rotation":{"x":0.11121349036693573,"y":-0.8818117380142212,"z":0.26009514927864077,"w":0.3774653971195221},"size":18.267948150634767,"orthographic":false}