{"cameraMode":{"drawMode":0,"name":"Shaded","section":"Shading Mode"},"sceneLighting":false,"audioPlay":false,"sceneViewState":{"showFog":true,"showMaterialUpdate":false,"showSkybox":false,"showFlares":true,"showImageEffects":true,"showParticleSystems":true},"in2DMode":false,"pivot":{"x":179.00003051757813,"y":-14.929866790771485,"z":-207.00010681152345},"rotation":{"x":-0.3309420943260193,"y":-0.4399290084838867,"z":0.17852438986301423,"w":-0.8155218362808228},"size":21.561595916748048,"orthographic":false}