{"cameraMode":{"drawMode":0,"name":"Shaded","section":"Shading Mode"},"sceneLighting":true,"audioPlay":false,"sceneViewState":{"showFog":true,"showMaterialUpdate":false,"showSkybox":false,"showFlares":true,"showImageEffects":true,"showParticleSystems":true},"in2DMode":false,"pivot":{"x":231.2708740234375,"y":19.677749633789064,"z":24.977375030517579},"rotation":{"x":0.2676541209220886,"y":-0.26285696029663088,"z":-0.07615859061479569,"w":-0.9238359332084656},"size":60.62177276611328,"orthographic":false}