{"cameraMode":{"drawMode":0,"name":"Shaded","section":"Shading Mode"},"sceneLighting":false,"audioPlay":false,"sceneViewState":{"showFog":true,"showMaterialUpdate":false,"showSkybox":false,"showFlares":true,"showImageEffects":true,"showParticleSystems":true},"in2DMode":false,"pivot":{"x":179.4997100830078,"y":31.894739151000978,"z":85.0},"rotation":{"x":0.019334208220243455,"y":0.13040080666542054,"z":0.002532304497435689,"w":-0.9912781715393066},"size":39.986305236816409,"orthographic":false}