{"cameraMode":{"drawMode":0,"name":"Shaded","section":"Shading Mode"},"sceneLighting":true,"audioPlay":false,"sceneViewState":{"showFog":true,"showMaterialUpdate":false,"showSkybox":true,"showFlares":true,"showImageEffects":true,"showParticleSystems":true},"in2DMode":false,"pivot":{"x":29.564857482910158,"y":3.8626015186309816,"z":62.06336975097656},"rotation":{"x":-0.06973189115524292,"y":-0.8569747805595398,"z":0.12066420167684555,"w":-0.49628016352653506},"size":0.7882286906242371,"orthographic":false}