{"cameraMode":{"drawMode":0,"name":"Shaded","section":"Shading Mode"},"sceneLighting":false,"audioPlay":false,"sceneViewState":{"showFog":true,"showMaterialUpdate":false,"showSkybox":false,"showFlares":true,"showImageEffects":true,"showParticleSystems":true},"in2DMode":false,"pivot":{"x":1.1869826316833497,"y":-1.656564712524414,"z":6.493197441101074},"rotation":{"x":-0.36944621801376345,"y":0.27538153529167178,"z":-0.11561840772628784,"w":-0.8799487948417664},"size":8.391565322875977,"orthographic":false}