{"cameraMode":{"drawMode":0,"name":"Shaded","section":"Shading Mode"},"sceneLighting":false,"audioPlay":false,"sceneViewState":{"showFog":true,"showMaterialUpdate":false,"showSkybox":false,"showFlares":true,"showImageEffects":true,"showParticleSystems":true},"in2DMode":false,"pivot":{"x":20.482177734375,"y":4.630477428436279,"z":67.62982940673828},"rotation":{"x":0.05254678800702095,"y":0.7943436503410339,"z":-0.06959208101034165,"w":0.6012420058250427},"size":2.283477306365967,"orthographic":false}