{"cameraMode":{"drawMode":0,"name":"Shaded","section":"Shading Mode"},"sceneLighting":false,"audioPlay":false,"sceneViewState":{"showFog":true,"showMaterialUpdate":false,"showSkybox":false,"showFlares":true,"showImageEffects":true,"showParticleSystems":true},"in2DMode":false,"pivot":{"x":-237.74000549316407,"y":47.05908966064453,"z":380.10321044921877},"rotation":{"x":-0.20678813755512238,"y":0.7211750745773315,"z":-0.24244563281536103,"w":-0.6151203513145447},"size":91.16108703613281,"orthographic":false}