{"cameraMode":{"drawMode":0,"name":"Shaded","section":"Shading Mode"},"sceneLighting":true,"audioPlay":false,"sceneViewState":{"showFog":true,"showMaterialUpdate":false,"showSkybox":true,"showFlares":true,"showImageEffects":true,"showParticleSystems":true},"in2DMode":false,"pivot":{"x":1450.246826171875,"y":561.5935668945313,"z":-5.283935546875},"rotation":{"x":-0.014999213628470898,"y":0.007796145044267178,"z":-0.00010959207429550588,"w":-0.9998630881309509},"size":597.9166870117188,"orthographic":false}