{"cameraMode":{"drawMode":0,"name":"Shaded","section":"Shading Mode"},"sceneLighting":true,"audioPlay":false,"sceneViewState":{"showFog":true,"showMaterialUpdate":false,"showSkybox":true,"showFlares":true,"showImageEffects":true,"showParticleSystems":true},"in2DMode":false,"pivot":{"x":1356.3096923828125,"y":461.27490234375,"z":3.81390380859375},"rotation":{"x":-0.014999213628470898,"y":0.007796145044267178,"z":-0.00010959207429550588,"w":-0.9998630881309509},"size":646.5996704101563,"orthographic":false}