{"cameraMode":{"drawMode":0,"name":"Shaded","section":"Shading Mode"},"sceneLighting":false,"audioPlay":false,"sceneViewState":{"showFog":true,"showMaterialUpdate":false,"showSkybox":false,"showFlares":true,"showImageEffects":true,"showParticleSystems":true},"in2DMode":false,"pivot":{"x":296.0,"y":29.894729614257814,"z":84.99999237060547},"rotation":{"x":-0.06862011551856995,"y":-0.9313825368881226,"z":0.2517606317996979,"w":-0.25385424494743349},"size":36.400577545166019,"orthographic":false}