{"cameraMode":{"drawMode":0,"name":"Shaded","section":"Shading Mode"},"sceneLighting":false,"audioPlay":false,"sceneViewState":{"showFog":true,"showMaterialUpdate":false,"showSkybox":false,"showFlares":true,"showImageEffects":true,"showParticleSystems":true},"in2DMode":false,"pivot":{"x":400.0,"y":-14.929848670959473,"z":-50.00294494628906},"rotation":{"x":-0.10024285316467285,"y":-0.8565903306007385,"z":0.4724162817001343,"w":-0.18176445364952088},"size":58.50761032104492,"orthographic":false}