{"cameraMode":{"drawMode":0,"name":"Shaded","section":"Shading Mode"},"sceneLighting":false,"audioPlay":false,"sceneViewState":{"showFog":true,"showMaterialUpdate":false,"showSkybox":false,"showFlares":true,"showImageEffects":true,"showParticleSystems":true},"in2DMode":false,"pivot":{"x":165.11094665527345,"y":18.364545822143556,"z":80.92196655273438},"rotation":{"x":-0.14787621796131135,"y":-0.032337360084056857,"z":0.004840024281293154,"w":-0.9884698390960693},"size":15.167551040649414,"orthographic":false}