{"cameraMode":{"drawMode":0,"name":"Shaded","section":"Shading Mode"},"sceneLighting":false,"audioPlay":false,"sceneViewState":{"showFog":true,"showMaterialUpdate":false,"showSkybox":false,"showFlares":true,"showImageEffects":true,"showParticleSystems":true},"in2DMode":false,"pivot":{"x":-0.030776500701904298,"y":4.058228969573975,"z":0.00745081901550293},"rotation":{"x":-0.29161930084228518,"y":-0.09115340560674668,"z":0.02794775553047657,"w":-0.9517897963523865},"size":5.086106777191162,"orthographic":false}