{"cameraMode":{"drawMode":0,"name":"Shaded","section":"Shading Mode"},"sceneLighting":false,"audioPlay":false,"sceneViewState":{"showFog":true,"showMaterialUpdate":false,"showSkybox":false,"showFlares":true,"showImageEffects":true,"showParticleSystems":true},"in2DMode":false,"pivot":{"x":-0.008475005626678467,"y":0.26398926973342898,"z":0.003980010747909546},"rotation":{"x":0.08641480654478073,"y":-0.4922407865524292,"z":0.0486263632774353,"w":0.8648971319198608},"size":0.8932701945304871,"orthographic":false}