{"cameraMode":{"drawMode":0,"name":"Shaded","section":"Shading Mode"},"sceneLighting":false,"audioPlay":false,"sceneViewState":{"showFog":true,"showMaterialUpdate":false,"showSkybox":false,"showFlares":true,"showImageEffects":true,"showParticleSystems":true},"in2DMode":false,"pivot":{"x":21.310396194458009,"y":4.648756504058838,"z":69.9381103515625},"rotation":{"x":0.0004049356502946466,"y":0.9995232224464417,"z":0.01499397587031126,"w":-0.026993688195943834},"size":0.8367554545402527,"orthographic":true}