{"cameraMode":{"drawMode":0,"name":"Shaded","section":"Shading Mode"},"sceneLighting":false,"audioPlay":false,"sceneViewState":{"showFog":true,"showMaterialUpdate":false,"showSkybox":false,"showFlares":true,"showImageEffects":true,"showParticleSystems":true},"in2DMode":false,"pivot":{"x":-1.0471956729888917,"y":0.6359976530075073,"z":-1.4303834438323975},"rotation":{"x":0.004267564509063959,"y":-0.9714004397392273,"z":-0.017485862597823144,"w":-0.23678341507911683},"size":1.6016485691070557,"orthographic":false}