{"cameraMode":{"drawMode":0,"name":"Shaded","section":"Shading Mode"},"sceneLighting":true,"audioPlay":false,"sceneViewState":{"showFog":true,"showMaterialUpdate":false,"showSkybox":false,"showFlares":true,"showImageEffects":true,"showParticleSystems":true},"in2DMode":false,"pivot":{"x":416.29998779296877,"y":51.89335632324219,"z":493.0799560546875},"rotation":{"x":0.1641414612531662,"y":0.169243723154068,"z":-0.028614843264222146,"w":0.9713881611824036},"size":181.86532592773438,"orthographic":false}