{"cameraMode":{"drawMode":0,"name":"Shaded","section":"Shading Mode"},"sceneLighting":false,"audioPlay":false,"sceneViewState":{"showFog":true,"showMaterialUpdate":false,"showSkybox":false,"showFlares":true,"showImageEffects":true,"showParticleSystems":true},"in2DMode":false,"pivot":{"x":1.4098103046417237,"y":1.7264537811279297,"z":1.4929003715515137},"rotation":{"x":-0.5985680222511292,"y":0.21034328639507295,"z":-0.16681690514087678,"w":-0.7547498941421509},"size":4.09402322769165,"orthographic":false}