{"cameraMode":{"drawMode":0,"name":"Shaded","section":"Shading Mode"},"sceneLighting":false,"audioPlay":false,"sceneViewState":{"showFog":true,"showMaterialUpdate":false,"showSkybox":false,"showFlares":true,"showImageEffects":true,"showParticleSystems":true},"in2DMode":false,"pivot":{"x":-0.000034332275390625,"y":-14.929905891418457,"z":39.999271392822269},"rotation":{"x":-0.1302381008863449,"y":-0.8696614503860474,"z":0.34383052587509158,"w":-0.3294239342212677},"size":64.98409271240235,"orthographic":false}