{"cameraMode":{"drawMode":0,"name":"Shaded","section":"Shading Mode"},"sceneLighting":false,"audioPlay":false,"sceneViewState":{"showFog":true,"showMaterialUpdate":false,"showSkybox":false,"showFlares":true,"showImageEffects":true,"showParticleSystems":true},"in2DMode":false,"pivot":{"x":242.99996948242188,"y":-14.929866790771485,"z":-181.99996948242188},"rotation":{"x":-0.10024285316467285,"y":-0.8565903306007385,"z":0.4724162817001343,"w":-0.18176445364952088},"size":34.50946044921875,"orthographic":false}