{"cameraMode":{"drawMode":0,"name":"Shaded","section":"Shading Mode"},"sceneLighting":false,"audioPlay":false,"sceneViewState":{"showFog":true,"showMaterialUpdate":false,"showSkybox":false,"showFlares":true,"showImageEffects":true,"showParticleSystems":true},"in2DMode":false,"pivot":{"x":-60.00001525878906,"y":0.00006198883056640625,"z":-20.00006675720215},"rotation":{"x":-0.4178536832332611,"y":-0.3339691758155823,"z":0.16854935884475709,"w":-0.8279295563697815},"size":28.28429412841797,"orthographic":false}