{"cameraMode":{"drawMode":0,"name":"Shaded","section":"Shading Mode"},"sceneLighting":true,"audioPlay":false,"sceneViewState":{"showFog":true,"showMaterialUpdate":false,"showSkybox":true,"showFlares":true,"showImageEffects":true,"showParticleSystems":true},"in2DMode":false,"pivot":{"x":38.727420806884769,"y":3.817474603652954,"z":66.09862518310547},"rotation":{"x":-0.01737857796251774,"y":-0.8684964776039124,"z":-0.031167494133114816,"w":0.4945511519908905},"size":1.9348475933074952,"orthographic":false}