{"cameraMode":{"drawMode":0,"name":"Shaded","section":"Shading Mode"},"sceneLighting":true,"audioPlay":false,"sceneViewState":{"showFog":true,"showMaterialUpdate":false,"showSkybox":true,"showFlares":true,"showImageEffects":true,"showParticleSystems":true},"in2DMode":false,"pivot":{"x":39.75040054321289,"y":4.191417694091797,"z":65.10095977783203},"rotation":{"x":0.009114321321249009,"y":-0.9620477557182312,"z":0.03047749400138855,"w":0.27135273814201357},"size":3.134847402572632,"orthographic":false}