{"cameraMode":{"drawMode":0,"name":"Shaded","section":"Shading Mode"},"sceneLighting":true,"audioPlay":false,"sceneViewState":{"showFog":true,"showMaterialUpdate":false,"showSkybox":false,"showFlares":true,"showImageEffects":true,"showParticleSystems":true},"in2DMode":false,"pivot":{"x":216.52676391601563,"y":20.10974884033203,"z":25.860031127929689},"rotation":{"x":0.2676541209220886,"y":-0.26285696029663088,"z":-0.07615859061479569,"w":-0.9238359332084656},"size":60.62177658081055,"orthographic":false}