{"cameraMode":{"drawMode":0,"name":"Shaded","section":"Shading Mode"},"sceneLighting":true,"audioPlay":false,"sceneViewState":{"showFog":true,"showMaterialUpdate":false,"showSkybox":false,"showFlares":true,"showImageEffects":true,"showParticleSystems":true},"in2DMode":false,"pivot":{"x":129.22500610351563,"y":9.10300064086914,"z":35.037498474121097},"rotation":{"x":0.12332556396722794,"y":0.6946454048156738,"z":-0.12275759130716324,"w":0.6979893445968628},"size":143.23077392578126,"orthographic":false}