{"cameraMode":{"drawMode":0,"name":"Shaded","section":"Shading Mode"},"sceneLighting":true,"audioPlay":false,"sceneViewState":{"showFog":true,"showMaterialUpdate":false,"showSkybox":false,"showFlares":true,"showImageEffects":true,"showParticleSystems":true},"in2DMode":false,"pivot":{"x":-0.14098882675170899,"y":-0.052645206451416019,"z":1.5257728099822999},"rotation":{"x":0.0815049409866333,"y":-0.5438395142555237,"z":0.05321149155497551,"w":0.833544135093689},"size":3.378084421157837,"orthographic":false}