{"cameraMode":{"drawMode":0,"name":"Shaded","section":"Shading Mode"},"sceneLighting":false,"audioPlay":false,"sceneViewState":{"showFog":true,"showMaterialUpdate":false,"showSkybox":false,"showFlares":true,"showImageEffects":true,"showParticleSystems":true},"in2DMode":false,"pivot":{"x":170.00001525878907,"y":1.9998884201049805,"z":-439.0},"rotation":{"x":-0.2412542700767517,"y":-0.7422157526016235,"z":0.34219637513160708,"w":-0.523285448551178},"size":90.68632507324219,"orthographic":false}