{"cameraMode":{"drawMode":0,"name":"Shaded","section":"Shading Mode"},"sceneLighting":false,"audioPlay":false,"sceneViewState":{"showFog":true,"showMaterialUpdate":false,"showSkybox":false,"showFlares":true,"showImageEffects":true,"showParticleSystems":true},"in2DMode":false,"pivot":{"x":-10.000032424926758,"y":0.00006198883056640625,"z":-20.00006675720215},"rotation":{"x":-0.2632114887237549,"y":0.6780710220336914,"z":-0.2861320376396179,"w":-0.6237547397613525},"size":28.2842960357666,"orthographic":false}