{"cameraMode":{"drawMode":0,"name":"Shaded","section":"Shading Mode"},"sceneLighting":true,"audioPlay":false,"sceneViewState":{"showFog":true,"showMaterialUpdate":false,"showSkybox":false,"showFlares":true,"showImageEffects":true,"showParticleSystems":true},"in2DMode":false,"pivot":{"x":366.77996826171877,"y":96.24590301513672,"z":-29.50994873046875},"rotation":{"x":-0.3098299205303192,"y":0.11428485065698624,"z":-0.03754761815071106,"w":-0.9431588053703308},"size":844.4031982421875,"orthographic":false}