{"cameraMode":{"drawMode":0,"name":"Shaded","section":"Shading Mode"},"sceneLighting":false,"audioPlay":false,"sceneViewState":{"showFog":true,"showMaterialUpdate":false,"showSkybox":false,"showFlares":true,"showImageEffects":true,"showParticleSystems":true},"in2DMode":false,"pivot":{"x":0.001657724380493164,"y":0.8249266147613525,"z":0.00982174277305603},"rotation":{"x":0.018831336870789529,"y":-0.9685938358306885,"z":0.07746975123882294,"w":0.2355443239212036},"size":1.1770877838134766,"orthographic":false}