{"cameraMode":{"drawMode":0,"name":"Shaded","section":"Shading Mode"},"sceneLighting":false,"audioPlay":false,"sceneViewState":{"showFog":true,"showMaterialUpdate":false,"showSkybox":false,"showFlares":true,"showImageEffects":true,"showParticleSystems":true},"in2DMode":false,"pivot":{"x":-0.19844818115234376,"y":2.9283742904663088,"z":-0.411440372467041},"rotation":{"x":-0.1369508057832718,"y":0.18363629281520844,"z":-0.025792349129915239,"w":-0.9730848073959351},"size":3.8556034564971926,"orthographic":false}