{"cameraMode":{"drawMode":0,"name":"Shaded","section":"Shading Mode"},"sceneLighting":true,"audioPlay":false,"sceneViewState":{"showFog":true,"showMaterialUpdate":false,"showSkybox":true,"showFlares":true,"showImageEffects":true,"showParticleSystems":true},"in2DMode":false,"pivot":{"x":25.448150634765626,"y":3.7086915969848635,"z":67.69413757324219},"rotation":{"x":-0.017345448955893518,"y":0.9780889749526978,"z":-0.18649287521839143,"w":-0.09092847257852555},"size":0.7348477840423584,"orthographic":false}