{"cameraMode":{"drawMode":0,"name":"Shaded","section":"Shading Mode"},"sceneLighting":false,"audioPlay":false,"sceneViewState":{"showFog":true,"showMaterialUpdate":false,"showSkybox":false,"showFlares":true,"showImageEffects":true,"showParticleSystems":true},"in2DMode":false,"pivot":{"x":179.6337432861328,"y":24.175094604492189,"z":443.4723205566406},"rotation":{"x":-0.24840570986270905,"y":0.4462824761867523,"z":-0.13046106696128846,"w":-0.8497769236564636},"size":13.49589729309082,"orthographic":false}