{"cameraMode":{"drawMode":0,"name":"Shaded","section":"Shading Mode"},"sceneLighting":true,"audioPlay":false,"sceneViewState":{"showFog":true,"showMaterialUpdate":false,"showSkybox":true,"showFlares":true,"showImageEffects":true,"showParticleSystems":true},"in2DMode":false,"pivot":{"x":24.92038917541504,"y":4.046745300292969,"z":69.04476928710938},"rotation":{"x":-0.058139026165008548,"y":-0.911209762096405,"z":0.13799864053726197,"w":-0.3837827742099762},"size":1.3834773302078248,"orthographic":false}