{"cameraMode":{"drawMode":0,"name":"Shaded","section":"Shading Mode"},"sceneLighting":true,"audioPlay":false,"sceneViewState":{"showFog":true,"showMaterialUpdate":false,"showSkybox":false,"showFlares":true,"showImageEffects":true,"showParticleSystems":true},"in2DMode":false,"pivot":{"x":-0.14098882675170899,"y":-0.052645206451416019,"z":1.5257728099822999},"rotation":{"x":0.11247752606868744,"y":-0.6589387059211731,"z":0.1006164401769638,"w":0.7369223833084106},"size":3.378084421157837,"orthographic":false}