{"cameraMode":{"drawMode":0,"name":"Shaded","section":"Shading Mode"},"sceneLighting":true,"audioPlay":false,"sceneViewState":{"showFog":true,"showMaterialUpdate":false,"showSkybox":true,"showFlares":true,"showImageEffects":true,"showParticleSystems":true},"in2DMode":false,"pivot":{"x":829.869140625,"y":641.8114624023438,"z":-17.1654052734375},"rotation":{"x":-0.04139794409275055,"y":0.005091853905469179,"z":-0.00020122237037867308,"w":-0.9991375207901001},"size":471.0166015625,"orthographic":false}