{"cameraMode":{"drawMode":0,"name":"Shaded","section":"Shading Mode"},"sceneLighting":false,"audioPlay":false,"sceneViewState":{"showFog":true,"showMaterialUpdate":false,"showSkybox":false,"showFlares":true,"showImageEffects":true,"showParticleSystems":true},"in2DMode":false,"pivot":{"x":220.24888610839845,"y":376.4927673339844,"z":5416.0927734375},"rotation":{"x":0.040333569049835208,"y":-0.9536846280097961,"z":0.25808998942375185,"w":0.14946040511131288},"size":18.267948150634767,"orthographic":false}