{"cameraMode":{"drawMode":0,"name":"Shaded","section":"Shading Mode"},"sceneLighting":false,"audioPlay":false,"sceneViewState":{"showFog":true,"showMaterialUpdate":false,"showSkybox":false,"showFlares":true,"showImageEffects":true,"showParticleSystems":true},"in2DMode":false,"pivot":{"x":21.39897918701172,"y":4.046745300292969,"z":67.9097671508789},"rotation":{"x":0.272186279296875,"y":0.4261855483055115,"z":-0.13631421327590943,"w":0.8519217371940613},"size":1.3834773302078248,"orthographic":false}