{"cameraMode":{"drawMode":0,"name":"Shaded","section":"Shading Mode"},"sceneLighting":false,"audioPlay":false,"sceneViewState":{"showFog":true,"showMaterialUpdate":false,"showSkybox":false,"showFlares":true,"showImageEffects":true,"showParticleSystems":true},"in2DMode":false,"pivot":{"x":74.00005340576172,"y":31.999887466430665,"z":32.99999237060547},"rotation":{"x":-0.07553418725728989,"y":-0.9047540426254273,"z":0.3782646358013153,"w":-0.18066638708114625},"size":34.98574447631836,"orthographic":false}