{"cameraMode":{"drawMode":0,"name":"Shaded","section":"Shading Mode"},"sceneLighting":false,"audioPlay":false,"sceneViewState":{"showFog":true,"showMaterialUpdate":false,"showSkybox":false,"showFlares":true,"showImageEffects":true,"showParticleSystems":true},"in2DMode":false,"pivot":{"x":-1.1920928955078126e-7,"y":1.526086449623108,"z":1.1920928955078126e-7},"rotation":{"x":-0.21376051008701325,"y":-0.5665883421897888,"z":0.15516236424446107,"w":-0.7805232405662537},"size":1.5857188701629639,"orthographic":false}