{"cameraMode":{"drawMode":0,"name":"Shaded","section":"Shading Mode"},"sceneLighting":false,"audioPlay":false,"sceneViewState":{"showFog":true,"showMaterialUpdate":false,"showSkybox":false,"showFlares":true,"showImageEffects":true,"showParticleSystems":true},"in2DMode":false,"pivot":{"x":178.00003051757813,"y":1.9998884201049805,"z":-439.0},"rotation":{"x":-0.1302381008863449,"y":-0.8696614503860474,"z":0.34383052587509158,"w":-0.3294239342212677},"size":79.92501068115235,"orthographic":false}