{"cameraMode":{"drawMode":0,"name":"Shaded","section":"Shading Mode"},"sceneLighting":false,"audioPlay":false,"sceneViewState":{"showFog":true,"showMaterialUpdate":false,"showSkybox":false,"showFlares":true,"showImageEffects":true,"showParticleSystems":true},"in2DMode":false,"pivot":{"x":223.95643615722657,"y":387.6811828613281,"z":5422.64404296875},"rotation":{"x":-0.049181658774614337,"y":-0.6864392757415772,"z":0.04656197503209114,"w":-0.7240655422210693},"size":3.337128162384033,"orthographic":false}