{"cameraMode":{"drawMode":0,"name":"Shaded","section":"Shading Mode"},"sceneLighting":true,"audioPlay":false,"sceneViewState":{"showFog":true,"showMaterialUpdate":false,"showSkybox":true,"showFlares":true,"showImageEffects":true,"showParticleSystems":true},"in2DMode":false,"pivot":{"x":24.255903244018556,"y":4.483290672302246,"z":65.30323791503906},"rotation":{"x":0.10223263502120972,"y":0.5712064504623413,"z":-0.8112318515777588,"w":0.07197766751050949},"size":2.095780372619629,"orthographic":false}