{"cameraMode":{"drawMode":0,"name":"Shaded","section":"Shading Mode"},"sceneLighting":false,"audioPlay":false,"sceneViewState":{"showFog":true,"showMaterialUpdate":false,"showSkybox":false,"showFlares":true,"showImageEffects":true,"showParticleSystems":true},"in2DMode":false,"pivot":{"x":-0.2697010040283203,"y":-0.6674127578735352,"z":12.085631370544434},"rotation":{"x":0.09734182059764862,"y":-0.34358152747154238,"z":0.0355541855096817,"w":0.9334530234336853},"size":9.140846252441407,"orthographic":false}