{"cameraMode":{"drawMode":0,"name":"Shaded","section":"Shading Mode"},"sceneLighting":true,"audioPlay":false,"sceneViewState":{"showFog":true,"showMaterialUpdate":false,"showSkybox":false,"showFlares":true,"showImageEffects":true,"showParticleSystems":true},"in2DMode":false,"pivot":{"x":-20.415000915527345,"y":38.202415466308597,"z":-12.225906372070313},"rotation":{"x":0.12332556396722794,"y":0.6946454048156738,"z":-0.12275759130716324,"w":0.6979893445968628},"size":103.43539428710938,"orthographic":false}