{"cameraMode":{"drawMode":0,"name":"Shaded","section":"Shading Mode"},"sceneLighting":false,"audioPlay":false,"sceneViewState":{"showFog":true,"showMaterialUpdate":false,"showSkybox":false,"showFlares":true,"showImageEffects":true,"showParticleSystems":true},"in2DMode":false,"pivot":{"x":46.58498764038086,"y":16.999889373779298,"z":15.305095672607422},"rotation":{"x":-0.06862011551856995,"y":-0.9313825368881226,"z":0.2517606317996979,"w":-0.25385424494743349},"size":49.08638000488281,"orthographic":false}