{"cameraMode":{"drawMode":0,"name":"Shaded","section":"Shading Mode"},"sceneLighting":false,"audioPlay":false,"sceneViewState":{"showFog":true,"showMaterialUpdate":false,"showSkybox":false,"showFlares":true,"showImageEffects":true,"showParticleSystems":true},"in2DMode":false,"pivot":{"x":-84.99998474121094,"y":-15.000048637390137,"z":4.999872207641602},"rotation":{"x":-0.3309420943260193,"y":-0.4399290084838867,"z":0.17852438986301423,"w":-0.8155218362808228},"size":20.62697410583496,"orthographic":false}