{"cameraMode":{"drawMode":0,"name":"Shaded","section":"Shading Mode"},"sceneLighting":false,"audioPlay":false,"sceneViewState":{"showFog":true,"showMaterialUpdate":false,"showSkybox":false,"showFlares":true,"showImageEffects":true,"showParticleSystems":true},"in2DMode":false,"pivot":{"x":-0.8050897717475891,"y":0.25200653076171877,"z":0.24185097217559815},"rotation":{"x":-0.6590896844863892,"y":0.293092280626297,"z":-0.3125412166118622,"w":-0.6180763244628906},"size":8.272346496582032,"orthographic":false}