{"cameraMode":{"drawMode":0,"name":"Shaded","section":"Shading Mode"},"sceneLighting":false,"audioPlay":false,"sceneViewState":{"showFog":true,"showMaterialUpdate":false,"showSkybox":false,"showFlares":true,"showImageEffects":true,"showParticleSystems":true},"in2DMode":false,"pivot":{"x":-7.464380264282227,"y":-0.9304814338684082,"z":5.885831832885742},"rotation":{"x":0.09734182059764862,"y":-0.34358152747154238,"z":0.0355541855096817,"w":0.9334530234336853},"size":13.2481050491333,"orthographic":false}