{"cameraMode":{"drawMode":0,"name":"Shaded","section":"Shading Mode"},"sceneLighting":false,"audioPlay":false,"sceneViewState":{"showFog":true,"showMaterialUpdate":false,"showSkybox":false,"showFlares":true,"showImageEffects":true,"showParticleSystems":true},"in2DMode":false,"pivot":{"x":-0.03359687328338623,"y":0.1658545434474945,"z":-0.05133146047592163},"rotation":{"x":-0.1369508057832718,"y":0.18363629281520844,"z":-0.025792349129915239,"w":-0.9730848073959351},"size":0.9082801938056946,"orthographic":false}