{"cameraMode":{"drawMode":0,"name":"Shaded","section":"Shading Mode"},"sceneLighting":false,"audioPlay":false,"sceneViewState":{"showFog":true,"showMaterialUpdate":false,"showSkybox":false,"showFlares":true,"showImageEffects":true,"showParticleSystems":true},"in2DMode":false,"pivot":{"x":130.0,"y":-14.92982292175293,"z":2.0255463123321535},"rotation":{"x":-0.3309420943260193,"y":-0.4399290084838867,"z":0.17852438986301423,"w":-0.8155218362808228},"size":25.042142868041993,"orthographic":false}