{"cameraMode":{"drawMode":0,"name":"Shaded","section":"Shading Mode"},"sceneLighting":true,"audioPlay":false,"sceneViewState":{"showFog":true,"showMaterialUpdate":false,"showSkybox":false,"showFlares":true,"showImageEffects":true,"showParticleSystems":true},"in2DMode":false,"pivot":{"x":162.0,"y":150.49069213867188,"z":493.0799560546875},"rotation":{"x":0.1641414612531662,"y":0.169243723154068,"z":-0.028614843264222146,"w":0.9713881611824036},"size":219.81991577148438,"orthographic":false}