{"cameraMode":{"drawMode":0,"name":"Shaded","section":"Shading Mode"},"sceneLighting":true,"audioPlay":false,"sceneViewState":{"showFog":true,"showMaterialUpdate":false,"showSkybox":false,"showFlares":true,"showImageEffects":true,"showParticleSystems":true},"in2DMode":false,"pivot":{"x":1.0936435461044312,"y":1.02704918384552,"z":1.3573057651519776},"rotation":{"x":0.09274822473526001,"y":-0.7378128170967102,"z":0.10358498990535736,"w":0.6605510711669922},"size":1.987818956375122,"orthographic":false}