{"cameraMode":{"drawMode":0,"name":"Shaded","section":"Shading Mode"},"sceneLighting":false,"audioPlay":false,"sceneViewState":{"showFog":true,"showMaterialUpdate":false,"showSkybox":false,"showFlares":true,"showImageEffects":true,"showParticleSystems":true},"in2DMode":false,"pivot":{"x":217.5213165283203,"y":5.528816223144531,"z":38.73982238769531},"rotation":{"x":-0.49173763394355776,"y":-0.20598022639751435,"z":0.12096276134252548,"w":-0.837340772151947},"size":60.62177658081055,"orthographic":false}