{"cameraMode":{"drawMode":0,"name":"Shaded","section":"Shading Mode"},"sceneLighting":true,"audioPlay":false,"sceneViewState":{"showFog":true,"showMaterialUpdate":false,"showSkybox":true,"showFlares":true,"showImageEffects":true,"showParticleSystems":true},"in2DMode":false,"pivot":{"x":39.31399917602539,"y":4.328000068664551,"z":65.0},"rotation":{"x":0.0038584971334785225,"y":-0.983116865158081,"z":0.18225695192813874,"w":0.019256550818681718},"size":0.7348477840423584,"orthographic":false}