{"cameraMode":{"drawMode":0,"name":"Shaded","section":"Shading Mode"},"sceneLighting":false,"audioPlay":false,"sceneViewState":{"showFog":true,"showMaterialUpdate":false,"showSkybox":false,"showFlares":true,"showImageEffects":true,"showParticleSystems":true},"in2DMode":false,"pivot":{"x":360.9999694824219,"y":0.0000476837158203125,"z":-135.0000762939453},"rotation":{"x":-0.36986613273620608,"y":-0.01198381744325161,"z":0.0047898199409246449,"w":-0.9289973378181458},"size":21.931737899780275,"orthographic":false}