{"cameraMode":{"drawMode":0,"name":"Shaded","section":"Shading Mode"},"sceneLighting":false,"audioPlay":false,"sceneViewState":{"showFog":true,"showMaterialUpdate":false,"showSkybox":false,"showFlares":true,"showImageEffects":true,"showParticleSystems":true},"in2DMode":false,"pivot":{"x":-0.008475005626678467,"y":0.26398926973342898,"z":0.003980010747909546},"rotation":{"x":0.009114321321249009,"y":-0.9620477557182312,"z":0.03047749400138855,"w":0.27135273814201357},"size":0.8932701945304871,"orthographic":false}