{"cameraMode":{"drawMode":0,"name":"Shaded","section":"Shading Mode"},"sceneLighting":false,"audioPlay":false,"sceneViewState":{"showFog":true,"showMaterialUpdate":false,"showSkybox":false,"showFlares":true,"showImageEffects":true,"showParticleSystems":true},"in2DMode":false,"pivot":{"x":20.482177734375,"y":4.630477428436279,"z":67.62982940673828},"rotation":{"x":-0.000922928040381521,"y":0.9991962909698486,"z":-0.03329223021864891,"w":-0.024085231125354768},"size":2.283477306365967,"orthographic":false}